premise_id,period_key,scenario_id,value,value_origin,editable
prem_ventas_demanda,2021-01,scn_ventas_base,786.0,actual,true
prem_ventas_demanda,2021-02,scn_ventas_base,800.0,actual,true
prem_ventas_demanda,2021-03,scn_ventas_base,816.0,actual,true
prem_ventas_demanda,2021-04,scn_ventas_base,832.0,actual,true
prem_ventas_demanda,2021-05,scn_ventas_base,850.0,actual,true
prem_ventas_demanda,2021-06,scn_ventas_base,871.0,actual,true
prem_ventas_demanda,2021-07,scn_ventas_base,892.0,actual,true
prem_ventas_demanda,2021-08,scn_ventas_base,888.0,actual,true
prem_ventas_demanda,2021-09,scn_ventas_base,876.0,actual,true
prem_ventas_demanda,2021-10,scn_ventas_base,870.0,actual,true
prem_ventas_demanda,2021-11,scn_ventas_base,864.0,actual,true
prem_ventas_demanda,2021-12,scn_ventas_base,900.0,actual,true
prem_ventas_demanda,2022-01,scn_ventas_base,858.0,actual,true
prem_ventas_demanda,2022-02,scn_ventas_base,872.0,actual,true
prem_ventas_demanda,2022-03,scn_ventas_base,888.0,actual,true
prem_ventas_demanda,2022-04,scn_ventas_base,904.0,actual,true
prem_ventas_demanda,2022-05,scn_ventas_base,922.0,actual,true
prem_ventas_demanda,2022-06,scn_ventas_base,943.0,actual,true
prem_ventas_demanda,2022-07,scn_ventas_base,964.0,actual,true
prem_ventas_demanda,2022-08,scn_ventas_base,960.0,actual,true
prem_ventas_demanda,2022-09,scn_ventas_base,948.0,actual,true
prem_ventas_demanda,2022-10,scn_ventas_base,942.0,actual,true
prem_ventas_demanda,2022-11,scn_ventas_base,936.0,actual,true
prem_ventas_demanda,2022-12,scn_ventas_base,972.0,actual,true
prem_ventas_demanda,2023-01,scn_ventas_base,936.0,actual,true
prem_ventas_demanda,2023-02,scn_ventas_base,950.0,actual,true
prem_ventas_demanda,2023-03,scn_ventas_base,966.0,actual,true
prem_ventas_demanda,2023-04,scn_ventas_base,982.0,actual,true
prem_ventas_demanda,2023-05,scn_ventas_base,1000.0,actual,true
prem_ventas_demanda,2023-06,scn_ventas_base,1021.0,actual,true
prem_ventas_demanda,2023-07,scn_ventas_base,1042.0,actual,true
prem_ventas_demanda,2023-08,scn_ventas_base,1038.0,actual,true
prem_ventas_demanda,2023-09,scn_ventas_base,1026.0,actual,true
prem_ventas_demanda,2023-10,scn_ventas_base,1020.0,actual,true
prem_ventas_demanda,2023-11,scn_ventas_base,1014.0,actual,true
prem_ventas_demanda,2023-12,scn_ventas_base,1050.0,actual,true
prem_ventas_demanda,2024-01,scn_ventas_base,1024.0,actual,true
prem_ventas_demanda,2024-02,scn_ventas_base,1038.0,actual,true
prem_ventas_demanda,2024-03,scn_ventas_base,1054.0,actual,true
prem_ventas_demanda,2024-04,scn_ventas_base,1070.0,actual,true
prem_ventas_demanda,2024-05,scn_ventas_base,1088.0,actual,true
prem_ventas_demanda,2024-06,scn_ventas_base,1109.0,actual,true
prem_ventas_demanda,2024-07,scn_ventas_base,1130.0,actual,true
prem_ventas_demanda,2024-08,scn_ventas_base,1126.0,actual,true
prem_ventas_demanda,2024-09,scn_ventas_base,1114.0,actual,true
prem_ventas_demanda,2024-10,scn_ventas_base,1108.0,actual,true
prem_ventas_demanda,2024-11,scn_ventas_base,1102.0,actual,true
prem_ventas_demanda,2024-12,scn_ventas_base,1138.0,actual,true
prem_ventas_demanda,2025-01,scn_ventas_base,1116.0,actual,true
prem_ventas_demanda,2025-02,scn_ventas_base,1130.0,actual,true
prem_ventas_demanda,2025-03,scn_ventas_base,1146.0,actual,true
prem_ventas_demanda,2025-04,scn_ventas_base,1162.0,actual,true
prem_ventas_demanda,2025-05,scn_ventas_base,1180.0,actual,true
prem_ventas_demanda,2025-06,scn_ventas_base,1201.0,actual,true
prem_ventas_demanda,2025-07,scn_ventas_base,1222.0,actual,true
prem_ventas_demanda,2025-08,scn_ventas_base,1218.0,actual,true
prem_ventas_demanda,2025-09,scn_ventas_base,1206.0,actual,true
prem_ventas_demanda,2025-10,scn_ventas_base,1200.0,actual,true
prem_ventas_demanda,2025-11,scn_ventas_base,1194.0,actual,true
prem_ventas_demanda,2025-12,scn_ventas_base,1230.0,actual,true
prem_ventas_ticket_promedio,2021-01,scn_ventas_base,186.9,actual,true
prem_ventas_ticket_promedio,2021-02,scn_ventas_base,187.8,actual,true
prem_ventas_ticket_promedio,2021-03,scn_ventas_base,188.7,actual,true
prem_ventas_ticket_promedio,2021-04,scn_ventas_base,189.6,actual,true
prem_ventas_ticket_promedio,2021-05,scn_ventas_base,190.5,actual,true
prem_ventas_ticket_promedio,2021-06,scn_ventas_base,191.4,actual,true
prem_ventas_ticket_promedio,2021-07,scn_ventas_base,192.3,actual,true
prem_ventas_ticket_promedio,2021-08,scn_ventas_base,193.2,actual,true
prem_ventas_ticket_promedio,2021-09,scn_ventas_base,194.1,actual,true
prem_ventas_ticket_promedio,2021-10,scn_ventas_base,195.0,actual,true
prem_ventas_ticket_promedio,2021-11,scn_ventas_base,195.9,actual,true
prem_ventas_ticket_promedio,2021-12,scn_ventas_base,196.8,actual,true
prem_ventas_ticket_promedio,2022-01,scn_ventas_base,192.9,actual,true
prem_ventas_ticket_promedio,2022-02,scn_ventas_base,193.8,actual,true
prem_ventas_ticket_promedio,2022-03,scn_ventas_base,194.7,actual,true
prem_ventas_ticket_promedio,2022-04,scn_ventas_base,195.6,actual,true
prem_ventas_ticket_promedio,2022-05,scn_ventas_base,196.5,actual,true
prem_ventas_ticket_promedio,2022-06,scn_ventas_base,197.4,actual,true
prem_ventas_ticket_promedio,2022-07,scn_ventas_base,198.3,actual,true
prem_ventas_ticket_promedio,2022-08,scn_ventas_base,199.2,actual,true
prem_ventas_ticket_promedio,2022-09,scn_ventas_base,200.1,actual,true
prem_ventas_ticket_promedio,2022-10,scn_ventas_base,201.0,actual,true
prem_ventas_ticket_promedio,2022-11,scn_ventas_base,201.9,actual,true
prem_ventas_ticket_promedio,2022-12,scn_ventas_base,202.8,actual,true
prem_ventas_ticket_promedio,2023-01,scn_ventas_base,198.9,actual,true
prem_ventas_ticket_promedio,2023-02,scn_ventas_base,199.8,actual,true
prem_ventas_ticket_promedio,2023-03,scn_ventas_base,200.7,actual,true
prem_ventas_ticket_promedio,2023-04,scn_ventas_base,201.6,actual,true
prem_ventas_ticket_promedio,2023-05,scn_ventas_base,202.5,actual,true
prem_ventas_ticket_promedio,2023-06,scn_ventas_base,203.4,actual,true
prem_ventas_ticket_promedio,2023-07,scn_ventas_base,204.3,actual,true
prem_ventas_ticket_promedio,2023-08,scn_ventas_base,205.2,actual,true
prem_ventas_ticket_promedio,2023-09,scn_ventas_base,206.1,actual,true
prem_ventas_ticket_promedio,2023-10,scn_ventas_base,207.0,actual,true
prem_ventas_ticket_promedio,2023-11,scn_ventas_base,207.9,actual,true
prem_ventas_ticket_promedio,2023-12,scn_ventas_base,208.8,actual,true
prem_ventas_ticket_promedio,2024-01,scn_ventas_base,204.9,actual,true
prem_ventas_ticket_promedio,2024-02,scn_ventas_base,205.8,actual,true
prem_ventas_ticket_promedio,2024-03,scn_ventas_base,206.7,actual,true
prem_ventas_ticket_promedio,2024-04,scn_ventas_base,207.6,actual,true
prem_ventas_ticket_promedio,2024-05,scn_ventas_base,208.5,actual,true
prem_ventas_ticket_promedio,2024-06,scn_ventas_base,209.4,actual,true
prem_ventas_ticket_promedio,2024-07,scn_ventas_base,210.3,actual,true
prem_ventas_ticket_promedio,2024-08,scn_ventas_base,211.2,actual,true
prem_ventas_ticket_promedio,2024-09,scn_ventas_base,212.1,actual,true
prem_ventas_ticket_promedio,2024-10,scn_ventas_base,213.0,actual,true
prem_ventas_ticket_promedio,2024-11,scn_ventas_base,213.9,actual,true
prem_ventas_ticket_promedio,2024-12,scn_ventas_base,214.8,actual,true
prem_ventas_ticket_promedio,2025-01,scn_ventas_base,210.9,actual,true
prem_ventas_ticket_promedio,2025-02,scn_ventas_base,211.8,actual,true
prem_ventas_ticket_promedio,2025-03,scn_ventas_base,212.7,actual,true
prem_ventas_ticket_promedio,2025-04,scn_ventas_base,213.6,actual,true
prem_ventas_ticket_promedio,2025-05,scn_ventas_base,214.5,actual,true
prem_ventas_ticket_promedio,2025-06,scn_ventas_base,215.4,actual,true
prem_ventas_ticket_promedio,2025-07,scn_ventas_base,216.3,actual,true
prem_ventas_ticket_promedio,2025-08,scn_ventas_base,217.2,actual,true
prem_ventas_ticket_promedio,2025-09,scn_ventas_base,218.1,actual,true
prem_ventas_ticket_promedio,2025-10,scn_ventas_base,219.0,actual,true
prem_ventas_ticket_promedio,2025-11,scn_ventas_base,219.9,actual,true
prem_ventas_ticket_promedio,2025-12,scn_ventas_base,220.8,actual,true
prem_ventas_promocion,2021-01,scn_ventas_base,5.0,actual,true
prem_ventas_promocion,2021-02,scn_ventas_base,5.3,actual,true
prem_ventas_promocion,2021-03,scn_ventas_base,5.5,actual,true
prem_ventas_promocion,2021-04,scn_ventas_base,5.7,actual,true
prem_ventas_promocion,2021-05,scn_ventas_base,6.3,actual,true
prem_ventas_promocion,2021-06,scn_ventas_base,6.9,actual,true
prem_ventas_promocion,2021-07,scn_ventas_base,7.6,actual,true
prem_ventas_promocion,2021-08,scn_ventas_base,7.4,actual,true
prem_ventas_promocion,2021-09,scn_ventas_base,6.5,actual,true
prem_ventas_promocion,2021-10,scn_ventas_base,6.1,actual,true
prem_ventas_promocion,2021-11,scn_ventas_base,5.7,actual,true
prem_ventas_promocion,2021-12,scn_ventas_base,7.3,actual,true
prem_ventas_promocion,2022-01,scn_ventas_base,5.25,actual,true
prem_ventas_promocion,2022-02,scn_ventas_base,5.55,actual,true
prem_ventas_promocion,2022-03,scn_ventas_base,5.75,actual,true
prem_ventas_promocion,2022-04,scn_ventas_base,5.95,actual,true
prem_ventas_promocion,2022-05,scn_ventas_base,6.55,actual,true
prem_ventas_promocion,2022-06,scn_ventas_base,7.15,actual,true
prem_ventas_promocion,2022-07,scn_ventas_base,7.85,actual,true
prem_ventas_promocion,2022-08,scn_ventas_base,7.65,actual,true
prem_ventas_promocion,2022-09,scn_ventas_base,6.75,actual,true
prem_ventas_promocion,2022-10,scn_ventas_base,6.35,actual,true
prem_ventas_promocion,2022-11,scn_ventas_base,5.95,actual,true
prem_ventas_promocion,2022-12,scn_ventas_base,7.55,actual,true
prem_ventas_promocion,2023-01,scn_ventas_base,5.5,actual,true
prem_ventas_promocion,2023-02,scn_ventas_base,5.8,actual,true
prem_ventas_promocion,2023-03,scn_ventas_base,6.0,actual,true
prem_ventas_promocion,2023-04,scn_ventas_base,6.2,actual,true
prem_ventas_promocion,2023-05,scn_ventas_base,6.8,actual,true
prem_ventas_promocion,2023-06,scn_ventas_base,7.4,actual,true
prem_ventas_promocion,2023-07,scn_ventas_base,8.1,actual,true
prem_ventas_promocion,2023-08,scn_ventas_base,7.9,actual,true
prem_ventas_promocion,2023-09,scn_ventas_base,7.0,actual,true
prem_ventas_promocion,2023-10,scn_ventas_base,6.6,actual,true
prem_ventas_promocion,2023-11,scn_ventas_base,6.2,actual,true
prem_ventas_promocion,2023-12,scn_ventas_base,7.8,actual,true
prem_ventas_promocion,2024-01,scn_ventas_base,5.75,actual,true
prem_ventas_promocion,2024-02,scn_ventas_base,6.05,actual,true
prem_ventas_promocion,2024-03,scn_ventas_base,6.25,actual,true
prem_ventas_promocion,2024-04,scn_ventas_base,6.45,actual,true
prem_ventas_promocion,2024-05,scn_ventas_base,7.05,actual,true
prem_ventas_promocion,2024-06,scn_ventas_base,7.65,actual,true
prem_ventas_promocion,2024-07,scn_ventas_base,8.35,actual,true
prem_ventas_promocion,2024-08,scn_ventas_base,8.15,actual,true
prem_ventas_promocion,2024-09,scn_ventas_base,7.25,actual,true
prem_ventas_promocion,2024-10,scn_ventas_base,6.85,actual,true
prem_ventas_promocion,2024-11,scn_ventas_base,6.45,actual,true
prem_ventas_promocion,2024-12,scn_ventas_base,8.05,actual,true
prem_ventas_promocion,2025-01,scn_ventas_base,6.0,actual,true
prem_ventas_promocion,2025-02,scn_ventas_base,6.3,actual,true
prem_ventas_promocion,2025-03,scn_ventas_base,6.5,actual,true
prem_ventas_promocion,2025-04,scn_ventas_base,6.7,actual,true
prem_ventas_promocion,2025-05,scn_ventas_base,7.3,actual,true
prem_ventas_promocion,2025-06,scn_ventas_base,7.9,actual,true
prem_ventas_promocion,2025-07,scn_ventas_base,8.6,actual,true
prem_ventas_promocion,2025-08,scn_ventas_base,8.4,actual,true
prem_ventas_promocion,2025-09,scn_ventas_base,7.5,actual,true
prem_ventas_promocion,2025-10,scn_ventas_base,7.1,actual,true
prem_ventas_promocion,2025-11,scn_ventas_base,6.7,actual,true
prem_ventas_promocion,2025-12,scn_ventas_base,8.3,actual,true
prem_combustible_gasolina,2022-01,scn_combustible_base,31.4,actual,true
prem_combustible_gasolina,2022-02,scn_combustible_base,30.9,actual,true
prem_combustible_gasolina,2022-03,scn_combustible_base,30.5,actual,true
prem_combustible_gasolina,2022-04,scn_combustible_base,31.0,actual,true
prem_combustible_gasolina,2022-05,scn_combustible_base,31.9,actual,true
prem_combustible_gasolina,2022-06,scn_combustible_base,33.0,actual,true
prem_combustible_gasolina,2022-07,scn_combustible_base,34.3,actual,true
prem_combustible_gasolina,2022-08,scn_combustible_base,34.8,actual,true
prem_combustible_gasolina,2022-09,scn_combustible_base,34.1,actual,true
prem_combustible_gasolina,2022-10,scn_combustible_base,33.2,actual,true
prem_combustible_gasolina,2022-11,scn_combustible_base,32.6,actual,true
prem_combustible_gasolina,2022-12,scn_combustible_base,31.9,actual,true
prem_combustible_gasolina,2023-01,scn_combustible_base,32.5,actual,true
prem_combustible_gasolina,2023-02,scn_combustible_base,32.0,actual,true
prem_combustible_gasolina,2023-03,scn_combustible_base,31.6,actual,true
prem_combustible_gasolina,2023-04,scn_combustible_base,32.1,actual,true
prem_combustible_gasolina,2023-05,scn_combustible_base,33.0,actual,true
prem_combustible_gasolina,2023-06,scn_combustible_base,34.1,actual,true
prem_combustible_gasolina,2023-07,scn_combustible_base,35.4,actual,true
prem_combustible_gasolina,2023-08,scn_combustible_base,35.9,actual,true
prem_combustible_gasolina,2023-09,scn_combustible_base,35.2,actual,true
prem_combustible_gasolina,2023-10,scn_combustible_base,34.3,actual,true
prem_combustible_gasolina,2023-11,scn_combustible_base,33.7,actual,true
prem_combustible_gasolina,2023-12,scn_combustible_base,33.0,actual,true
prem_combustible_gasolina,2024-01,scn_combustible_base,33.9,actual,true
prem_combustible_gasolina,2024-02,scn_combustible_base,33.4,actual,true
prem_combustible_gasolina,2024-03,scn_combustible_base,33.0,actual,true
prem_combustible_gasolina,2024-04,scn_combustible_base,33.5,actual,true
prem_combustible_gasolina,2024-05,scn_combustible_base,34.4,actual,true
prem_combustible_gasolina,2024-06,scn_combustible_base,35.5,actual,true
prem_combustible_gasolina,2024-07,scn_combustible_base,36.8,actual,true
prem_combustible_gasolina,2024-08,scn_combustible_base,37.3,actual,true
prem_combustible_gasolina,2024-09,scn_combustible_base,36.6,actual,true
prem_combustible_gasolina,2024-10,scn_combustible_base,35.7,actual,true
prem_combustible_gasolina,2024-11,scn_combustible_base,35.1,actual,true
prem_combustible_gasolina,2024-12,scn_combustible_base,34.4,actual,true
prem_combustible_gasolina,2025-01,scn_combustible_base,35.0,actual,true
prem_combustible_gasolina,2025-02,scn_combustible_base,34.5,actual,true
prem_combustible_gasolina,2025-03,scn_combustible_base,34.1,actual,true
prem_combustible_gasolina,2025-04,scn_combustible_base,34.6,actual,true
prem_combustible_gasolina,2025-05,scn_combustible_base,35.5,actual,true
prem_combustible_gasolina,2025-06,scn_combustible_base,36.6,actual,true
prem_combustible_gasolina,2025-07,scn_combustible_base,37.9,actual,true
prem_combustible_gasolina,2025-08,scn_combustible_base,38.4,actual,true
prem_combustible_gasolina,2025-09,scn_combustible_base,37.7,actual,true
prem_combustible_gasolina,2025-10,scn_combustible_base,36.8,actual,true
prem_combustible_gasolina,2025-11,scn_combustible_base,36.2,actual,true
prem_combustible_gasolina,2025-12,scn_combustible_base,35.5,actual,true
prem_combustible_diesel,2022-01,scn_combustible_base,29.8,actual,true
prem_combustible_diesel,2022-02,scn_combustible_base,29.4,actual,true
prem_combustible_diesel,2022-03,scn_combustible_base,29.1,actual,true
prem_combustible_diesel,2022-04,scn_combustible_base,29.5,actual,true
prem_combustible_diesel,2022-05,scn_combustible_base,30.2,actual,true
prem_combustible_diesel,2022-06,scn_combustible_base,31.0,actual,true
prem_combustible_diesel,2022-07,scn_combustible_base,31.8,actual,true
prem_combustible_diesel,2022-08,scn_combustible_base,32.1,actual,true
prem_combustible_diesel,2022-09,scn_combustible_base,31.7,actual,true
prem_combustible_diesel,2022-10,scn_combustible_base,31.0,actual,true
prem_combustible_diesel,2022-11,scn_combustible_base,30.6,actual,true
prem_combustible_diesel,2022-12,scn_combustible_base,30.1,actual,true
prem_combustible_diesel,2023-01,scn_combustible_base,30.79,actual,true
prem_combustible_diesel,2023-02,scn_combustible_base,30.39,actual,true
prem_combustible_diesel,2023-03,scn_combustible_base,30.09,actual,true
prem_combustible_diesel,2023-04,scn_combustible_base,30.49,actual,true
prem_combustible_diesel,2023-05,scn_combustible_base,31.19,actual,true
prem_combustible_diesel,2023-06,scn_combustible_base,31.99,actual,true
prem_combustible_diesel,2023-07,scn_combustible_base,32.79,actual,true
prem_combustible_diesel,2023-08,scn_combustible_base,33.09,actual,true
prem_combustible_diesel,2023-09,scn_combustible_base,32.69,actual,true
prem_combustible_diesel,2023-10,scn_combustible_base,31.99,actual,true
prem_combustible_diesel,2023-11,scn_combustible_base,31.59,actual,true
prem_combustible_diesel,2023-12,scn_combustible_base,31.09,actual,true
prem_combustible_diesel,2024-01,scn_combustible_base,32.05,actual,true
prem_combustible_diesel,2024-02,scn_combustible_base,31.65,actual,true
prem_combustible_diesel,2024-03,scn_combustible_base,31.35,actual,true
prem_combustible_diesel,2024-04,scn_combustible_base,31.75,actual,true
prem_combustible_diesel,2024-05,scn_combustible_base,32.45,actual,true
prem_combustible_diesel,2024-06,scn_combustible_base,33.25,actual,true
prem_combustible_diesel,2024-07,scn_combustible_base,34.05,actual,true
prem_combustible_diesel,2024-08,scn_combustible_base,34.35,actual,true
prem_combustible_diesel,2024-09,scn_combustible_base,33.95,actual,true
prem_combustible_diesel,2024-10,scn_combustible_base,33.25,actual,true
prem_combustible_diesel,2024-11,scn_combustible_base,32.85,actual,true
prem_combustible_diesel,2024-12,scn_combustible_base,32.35,actual,true
prem_combustible_diesel,2025-01,scn_combustible_base,33.04,actual,true
prem_combustible_diesel,2025-02,scn_combustible_base,32.64,actual,true
prem_combustible_diesel,2025-03,scn_combustible_base,32.34,actual,true
prem_combustible_diesel,2025-04,scn_combustible_base,32.74,actual,true
prem_combustible_diesel,2025-05,scn_combustible_base,33.44,actual,true
prem_combustible_diesel,2025-06,scn_combustible_base,34.24,actual,true
prem_combustible_diesel,2025-07,scn_combustible_base,35.04,actual,true
prem_combustible_diesel,2025-08,scn_combustible_base,35.34,actual,true
prem_combustible_diesel,2025-09,scn_combustible_base,34.94,actual,true
prem_combustible_diesel,2025-10,scn_combustible_base,34.24,actual,true
prem_combustible_diesel,2025-11,scn_combustible_base,33.84,actual,true
prem_combustible_diesel,2025-12,scn_combustible_base,33.34,actual,true
prem_combustible_flete,2022-01,scn_combustible_base,95.0,actual,true
prem_combustible_flete,2022-02,scn_combustible_base,94.0,actual,true
prem_combustible_flete,2022-03,scn_combustible_base,96.0,actual,true
prem_combustible_flete,2022-04,scn_combustible_base,99.0,actual,true
prem_combustible_flete,2022-05,scn_combustible_base,102.0,actual,true
prem_combustible_flete,2022-06,scn_combustible_base,106.0,actual,true
prem_combustible_flete,2022-07,scn_combustible_base,109.0,actual,true
prem_combustible_flete,2022-08,scn_combustible_base,108.0,actual,true
prem_combustible_flete,2022-09,scn_combustible_base,104.0,actual,true
prem_combustible_flete,2022-10,scn_combustible_base,101.0,actual,true
prem_combustible_flete,2022-11,scn_combustible_base,98.0,actual,true
prem_combustible_flete,2022-12,scn_combustible_base,100.0,actual,true
prem_combustible_flete,2023-01,scn_combustible_base,98.0,actual,true
prem_combustible_flete,2023-02,scn_combustible_base,97.0,actual,true
prem_combustible_flete,2023-03,scn_combustible_base,99.0,actual,true
prem_combustible_flete,2023-04,scn_combustible_base,102.0,actual,true
prem_combustible_flete,2023-05,scn_combustible_base,105.0,actual,true
prem_combustible_flete,2023-06,scn_combustible_base,109.0,actual,true
prem_combustible_flete,2023-07,scn_combustible_base,112.0,actual,true
prem_combustible_flete,2023-08,scn_combustible_base,111.0,actual,true
prem_combustible_flete,2023-09,scn_combustible_base,107.0,actual,true
prem_combustible_flete,2023-10,scn_combustible_base,104.0,actual,true
prem_combustible_flete,2023-11,scn_combustible_base,101.0,actual,true
prem_combustible_flete,2023-12,scn_combustible_base,103.0,actual,true
prem_combustible_flete,2024-01,scn_combustible_base,101.5,actual,true
prem_combustible_flete,2024-02,scn_combustible_base,100.5,actual,true
prem_combustible_flete,2024-03,scn_combustible_base,102.5,actual,true
prem_combustible_flete,2024-04,scn_combustible_base,105.5,actual,true
prem_combustible_flete,2024-05,scn_combustible_base,108.5,actual,true
prem_combustible_flete,2024-06,scn_combustible_base,112.5,actual,true
prem_combustible_flete,2024-07,scn_combustible_base,115.5,actual,true
prem_combustible_flete,2024-08,scn_combustible_base,114.5,actual,true
prem_combustible_flete,2024-09,scn_combustible_base,110.5,actual,true
prem_combustible_flete,2024-10,scn_combustible_base,107.5,actual,true
prem_combustible_flete,2024-11,scn_combustible_base,104.5,actual,true
prem_combustible_flete,2024-12,scn_combustible_base,106.5,actual,true
prem_combustible_flete,2025-01,scn_combustible_base,105.0,actual,true
prem_combustible_flete,2025-02,scn_combustible_base,104.0,actual,true
prem_combustible_flete,2025-03,scn_combustible_base,106.0,actual,true
prem_combustible_flete,2025-04,scn_combustible_base,109.0,actual,true
prem_combustible_flete,2025-05,scn_combustible_base,112.0,actual,true
prem_combustible_flete,2025-06,scn_combustible_base,116.0,actual,true
prem_combustible_flete,2025-07,scn_combustible_base,119.0,actual,true
prem_combustible_flete,2025-08,scn_combustible_base,118.0,actual,true
prem_combustible_flete,2025-09,scn_combustible_base,114.0,actual,true
prem_combustible_flete,2025-10,scn_combustible_base,111.0,actual,true
prem_combustible_flete,2025-11,scn_combustible_base,108.0,actual,true
prem_combustible_flete,2025-12,scn_combustible_base,110.0,actual,true
prem_macro_tipo_cambio,2022-01,scn_macro_base,7.74,actual,true
prem_macro_tipo_cambio,2022-02,scn_macro_base,7.68,actual,true
prem_macro_tipo_cambio,2022-03,scn_macro_base,7.72,actual,true
prem_macro_tipo_cambio,2022-04,scn_macro_base,7.65,actual,true
prem_macro_tipo_cambio,2022-05,scn_macro_base,7.71,actual,true
prem_macro_tipo_cambio,2022-06,scn_macro_base,7.63,actual,true
prem_macro_tipo_cambio,2022-07,scn_macro_base,7.69,actual,true
prem_macro_tipo_cambio,2022-08,scn_macro_base,7.61,actual,true
prem_macro_tipo_cambio,2022-09,scn_macro_base,7.67,actual,true
prem_macro_tipo_cambio,2022-10,scn_macro_base,7.6,actual,true
prem_macro_tipo_cambio,2022-11,scn_macro_base,7.66,actual,true
prem_macro_tipo_cambio,2022-12,scn_macro_base,7.58,actual,true
prem_macro_tipo_cambio,2023-01,scn_macro_base,7.8,actual,true
prem_macro_tipo_cambio,2023-02,scn_macro_base,7.74,actual,true
prem_macro_tipo_cambio,2023-03,scn_macro_base,7.78,actual,true
prem_macro_tipo_cambio,2023-04,scn_macro_base,7.71,actual,true
prem_macro_tipo_cambio,2023-05,scn_macro_base,7.77,actual,true
prem_macro_tipo_cambio,2023-06,scn_macro_base,7.69,actual,true
prem_macro_tipo_cambio,2023-07,scn_macro_base,7.75,actual,true
prem_macro_tipo_cambio,2023-08,scn_macro_base,7.67,actual,true
prem_macro_tipo_cambio,2023-09,scn_macro_base,7.73,actual,true
prem_macro_tipo_cambio,2023-10,scn_macro_base,7.66,actual,true
prem_macro_tipo_cambio,2023-11,scn_macro_base,7.72,actual,true
prem_macro_tipo_cambio,2023-12,scn_macro_base,7.64,actual,true
prem_macro_tipo_cambio,2024-01,scn_macro_base,7.86,actual,true
prem_macro_tipo_cambio,2024-02,scn_macro_base,7.8,actual,true
prem_macro_tipo_cambio,2024-03,scn_macro_base,7.84,actual,true
prem_macro_tipo_cambio,2024-04,scn_macro_base,7.77,actual,true
prem_macro_tipo_cambio,2024-05,scn_macro_base,7.83,actual,true
prem_macro_tipo_cambio,2024-06,scn_macro_base,7.75,actual,true
prem_macro_tipo_cambio,2024-07,scn_macro_base,7.81,actual,true
prem_macro_tipo_cambio,2024-08,scn_macro_base,7.73,actual,true
prem_macro_tipo_cambio,2024-09,scn_macro_base,7.79,actual,true
prem_macro_tipo_cambio,2024-10,scn_macro_base,7.72,actual,true
prem_macro_tipo_cambio,2024-11,scn_macro_base,7.78,actual,true
prem_macro_tipo_cambio,2024-12,scn_macro_base,7.7,actual,true
prem_macro_tipo_cambio,2025-01,scn_macro_base,7.95,actual,true
prem_macro_tipo_cambio,2025-02,scn_macro_base,7.89,actual,true
prem_macro_tipo_cambio,2025-03,scn_macro_base,7.93,actual,true
prem_macro_tipo_cambio,2025-04,scn_macro_base,7.86,actual,true
prem_macro_tipo_cambio,2025-05,scn_macro_base,7.92,actual,true
prem_macro_tipo_cambio,2025-06,scn_macro_base,7.84,actual,true
prem_macro_tipo_cambio,2025-07,scn_macro_base,7.9,actual,true
prem_macro_tipo_cambio,2025-08,scn_macro_base,7.82,actual,true
prem_macro_tipo_cambio,2025-09,scn_macro_base,7.88,actual,true
prem_macro_tipo_cambio,2025-10,scn_macro_base,7.81,actual,true
prem_macro_tipo_cambio,2025-11,scn_macro_base,7.87,actual,true
prem_macro_tipo_cambio,2025-12,scn_macro_base,7.79,actual,true
prem_macro_resina_usd,2022-01,scn_macro_base,845.0,actual,true
prem_macro_resina_usd,2022-02,scn_macro_base,848.0,actual,true
prem_macro_resina_usd,2022-03,scn_macro_base,852.0,actual,true
prem_macro_resina_usd,2022-04,scn_macro_base,857.0,actual,true
prem_macro_resina_usd,2022-05,scn_macro_base,861.0,actual,true
prem_macro_resina_usd,2022-06,scn_macro_base,866.0,actual,true
prem_macro_resina_usd,2022-07,scn_macro_base,870.0,actual,true
prem_macro_resina_usd,2022-08,scn_macro_base,874.0,actual,true
prem_macro_resina_usd,2022-09,scn_macro_base,879.0,actual,true
prem_macro_resina_usd,2022-10,scn_macro_base,884.0,actual,true
prem_macro_resina_usd,2022-11,scn_macro_base,889.0,actual,true
prem_macro_resina_usd,2022-12,scn_macro_base,895.0,actual,true
prem_macro_resina_usd,2023-01,scn_macro_base,863.0,actual,true
prem_macro_resina_usd,2023-02,scn_macro_base,866.0,actual,true
prem_macro_resina_usd,2023-03,scn_macro_base,870.0,actual,true
prem_macro_resina_usd,2023-04,scn_macro_base,875.0,actual,true
prem_macro_resina_usd,2023-05,scn_macro_base,879.0,actual,true
prem_macro_resina_usd,2023-06,scn_macro_base,884.0,actual,true
prem_macro_resina_usd,2023-07,scn_macro_base,888.0,actual,true
prem_macro_resina_usd,2023-08,scn_macro_base,892.0,actual,true
prem_macro_resina_usd,2023-09,scn_macro_base,897.0,actual,true
prem_macro_resina_usd,2023-10,scn_macro_base,902.0,actual,true
prem_macro_resina_usd,2023-11,scn_macro_base,907.0,actual,true
prem_macro_resina_usd,2023-12,scn_macro_base,913.0,actual,true
prem_macro_resina_usd,2024-01,scn_macro_base,881.0,actual,true
prem_macro_resina_usd,2024-02,scn_macro_base,884.0,actual,true
prem_macro_resina_usd,2024-03,scn_macro_base,888.0,actual,true
prem_macro_resina_usd,2024-04,scn_macro_base,893.0,actual,true
prem_macro_resina_usd,2024-05,scn_macro_base,897.0,actual,true
prem_macro_resina_usd,2024-06,scn_macro_base,902.0,actual,true
prem_macro_resina_usd,2024-07,scn_macro_base,906.0,actual,true
prem_macro_resina_usd,2024-08,scn_macro_base,910.0,actual,true
prem_macro_resina_usd,2024-09,scn_macro_base,915.0,actual,true
prem_macro_resina_usd,2024-10,scn_macro_base,920.0,actual,true
prem_macro_resina_usd,2024-11,scn_macro_base,925.0,actual,true
prem_macro_resina_usd,2024-12,scn_macro_base,931.0,actual,true
prem_macro_resina_usd,2025-01,scn_macro_base,899.0,actual,true
prem_macro_resina_usd,2025-02,scn_macro_base,902.0,actual,true
prem_macro_resina_usd,2025-03,scn_macro_base,906.0,actual,true
prem_macro_resina_usd,2025-04,scn_macro_base,911.0,actual,true
prem_macro_resina_usd,2025-05,scn_macro_base,915.0,actual,true
prem_macro_resina_usd,2025-06,scn_macro_base,920.0,actual,true
prem_macro_resina_usd,2025-07,scn_macro_base,924.0,actual,true
prem_macro_resina_usd,2025-08,scn_macro_base,928.0,actual,true
prem_macro_resina_usd,2025-09,scn_macro_base,933.0,actual,true
prem_macro_resina_usd,2025-10,scn_macro_base,938.0,actual,true
prem_macro_resina_usd,2025-11,scn_macro_base,943.0,actual,true
prem_macro_resina_usd,2025-12,scn_macro_base,949.0,actual,true
prem_macro_inflacion_bienes,2022-01,scn_macro_base,8.4,actual,true
prem_macro_inflacion_bienes,2022-02,scn_macro_base,8.0,actual,true
prem_macro_inflacion_bienes,2022-03,scn_macro_base,7.7,actual,true
prem_macro_inflacion_bienes,2022-04,scn_macro_base,7.3,actual,true
prem_macro_inflacion_bienes,2022-05,scn_macro_base,6.9,actual,true
prem_macro_inflacion_bienes,2022-06,scn_macro_base,6.6,actual,true
prem_macro_inflacion_bienes,2022-07,scn_macro_base,6.3,actual,true
prem_macro_inflacion_bienes,2022-08,scn_macro_base,6.0,actual,true
prem_macro_inflacion_bienes,2022-09,scn_macro_base,5.8,actual,true
prem_macro_inflacion_bienes,2022-10,scn_macro_base,5.6,actual,true
prem_macro_inflacion_bienes,2022-11,scn_macro_base,5.4,actual,true
prem_macro_inflacion_bienes,2022-12,scn_macro_base,5.2,actual,true
prem_macro_inflacion_bienes,2023-01,scn_macro_base,7.3,actual,true
prem_macro_inflacion_bienes,2023-02,scn_macro_base,6.9,actual,true
prem_macro_inflacion_bienes,2023-03,scn_macro_base,6.6,actual,true
prem_macro_inflacion_bienes,2023-04,scn_macro_base,6.2,actual,true
prem_macro_inflacion_bienes,2023-05,scn_macro_base,5.8,actual,true
prem_macro_inflacion_bienes,2023-06,scn_macro_base,5.5,actual,true
prem_macro_inflacion_bienes,2023-07,scn_macro_base,5.2,actual,true
prem_macro_inflacion_bienes,2023-08,scn_macro_base,4.9,actual,true
prem_macro_inflacion_bienes,2023-09,scn_macro_base,4.7,actual,true
prem_macro_inflacion_bienes,2023-10,scn_macro_base,4.5,actual,true
prem_macro_inflacion_bienes,2023-11,scn_macro_base,4.3,actual,true
prem_macro_inflacion_bienes,2023-12,scn_macro_base,4.1,actual,true
prem_macro_inflacion_bienes,2024-01,scn_macro_base,6.4,actual,true
prem_macro_inflacion_bienes,2024-02,scn_macro_base,6.0,actual,true
prem_macro_inflacion_bienes,2024-03,scn_macro_base,5.7,actual,true
prem_macro_inflacion_bienes,2024-04,scn_macro_base,5.3,actual,true
prem_macro_inflacion_bienes,2024-05,scn_macro_base,4.9,actual,true
prem_macro_inflacion_bienes,2024-06,scn_macro_base,4.6,actual,true
prem_macro_inflacion_bienes,2024-07,scn_macro_base,4.3,actual,true
prem_macro_inflacion_bienes,2024-08,scn_macro_base,4.0,actual,true
prem_macro_inflacion_bienes,2024-09,scn_macro_base,3.8,actual,true
prem_macro_inflacion_bienes,2024-10,scn_macro_base,3.6,actual,true
prem_macro_inflacion_bienes,2024-11,scn_macro_base,3.4,actual,true
prem_macro_inflacion_bienes,2024-12,scn_macro_base,3.2,actual,true
prem_macro_inflacion_bienes,2025-01,scn_macro_base,5.5,actual,true
prem_macro_inflacion_bienes,2025-02,scn_macro_base,5.1,actual,true
prem_macro_inflacion_bienes,2025-03,scn_macro_base,4.8,actual,true
prem_macro_inflacion_bienes,2025-04,scn_macro_base,4.4,actual,true
prem_macro_inflacion_bienes,2025-05,scn_macro_base,4.0,actual,true
prem_macro_inflacion_bienes,2025-06,scn_macro_base,3.7,actual,true
prem_macro_inflacion_bienes,2025-07,scn_macro_base,3.4,actual,true
prem_macro_inflacion_bienes,2025-08,scn_macro_base,3.1,actual,true
prem_macro_inflacion_bienes,2025-09,scn_macro_base,2.9,actual,true
prem_macro_inflacion_bienes,2025-10,scn_macro_base,2.7,actual,true
prem_macro_inflacion_bienes,2025-11,scn_macro_base,2.5,actual,true
prem_macro_inflacion_bienes,2025-12,scn_macro_base,2.3,actual,true
prem_arima_demanda,2021-01,scn_arima_base,920.0,actual,true
prem_arima_demanda,2021-02,scn_arima_base,940.0,actual,true
prem_arima_demanda,2021-03,scn_arima_base,975.0,actual,true
prem_arima_demanda,2021-04,scn_arima_base,1005.0,actual,true
prem_arima_demanda,2021-05,scn_arima_base,1035.0,actual,true
prem_arima_demanda,2021-06,scn_arima_base,1080.0,actual,true
prem_arima_demanda,2021-07,scn_arima_base,1125.0,actual,true
prem_arima_demanda,2021-08,scn_arima_base,1115.0,actual,true
prem_arima_demanda,2021-09,scn_arima_base,1088.0,actual,true
prem_arima_demanda,2021-10,scn_arima_base,1052.0,actual,true
prem_arima_demanda,2021-11,scn_arima_base,1038.0,actual,true
prem_arima_demanda,2021-12,scn_arima_base,1175.0,actual,true
prem_arima_demanda,2022-01,scn_arima_base,966.0,actual,true
prem_arima_demanda,2022-02,scn_arima_base,987.0,actual,true
prem_arima_demanda,2022-03,scn_arima_base,1023.75,actual,true
prem_arima_demanda,2022-04,scn_arima_base,1055.25,actual,true
prem_arima_demanda,2022-05,scn_arima_base,1086.75,actual,true
prem_arima_demanda,2022-06,scn_arima_base,1134.0,actual,true
prem_arima_demanda,2022-07,scn_arima_base,1181.25,actual,true
prem_arima_demanda,2022-08,scn_arima_base,1170.75,actual,true
prem_arima_demanda,2022-09,scn_arima_base,1142.4,actual,true
prem_arima_demanda,2022-10,scn_arima_base,1104.6,actual,true
prem_arima_demanda,2022-11,scn_arima_base,1089.9,actual,true
prem_arima_demanda,2022-12,scn_arima_base,1233.75,actual,true
prem_arima_demanda,2023-01,scn_arima_base,1021.2,actual,true
prem_arima_demanda,2023-02,scn_arima_base,1043.4,actual,true
prem_arima_demanda,2023-03,scn_arima_base,1082.25,actual,true
prem_arima_demanda,2023-04,scn_arima_base,1115.55,actual,true
prem_arima_demanda,2023-05,scn_arima_base,1148.85,actual,true
prem_arima_demanda,2023-06,scn_arima_base,1198.8,actual,true
prem_arima_demanda,2023-07,scn_arima_base,1248.75,actual,true
prem_arima_demanda,2023-08,scn_arima_base,1237.65,actual,true
prem_arima_demanda,2023-09,scn_arima_base,1207.68,actual,true
prem_arima_demanda,2023-10,scn_arima_base,1167.72,actual,true
prem_arima_demanda,2023-11,scn_arima_base,1152.18,actual,true
prem_arima_demanda,2023-12,scn_arima_base,1304.25,actual,true
prem_arima_demanda,2024-01,scn_arima_base,1067.2,actual,true
prem_arima_demanda,2024-02,scn_arima_base,1090.4,actual,true
prem_arima_demanda,2024-03,scn_arima_base,1131.0,actual,true
prem_arima_demanda,2024-04,scn_arima_base,1165.8,actual,true
prem_arima_demanda,2024-05,scn_arima_base,1200.6,actual,true
prem_arima_demanda,2024-06,scn_arima_base,1252.8,actual,true
prem_arima_demanda,2024-07,scn_arima_base,1305.0,actual,true
prem_arima_demanda,2024-08,scn_arima_base,1293.4,actual,true
prem_arima_demanda,2024-09,scn_arima_base,1262.08,actual,true
prem_arima_demanda,2024-10,scn_arima_base,1220.32,actual,true
prem_arima_demanda,2024-11,scn_arima_base,1204.08,actual,true
prem_arima_demanda,2024-12,scn_arima_base,1363.0,actual,true
prem_arima_demanda,2025-01,scn_arima_base,1131.6,actual,true
prem_arima_demanda,2025-02,scn_arima_base,1156.2,actual,true
prem_arima_demanda,2025-03,scn_arima_base,1199.25,actual,true
prem_arima_demanda,2025-04,scn_arima_base,1236.15,actual,true
prem_arima_demanda,2025-05,scn_arima_base,1273.05,actual,true
prem_arima_demanda,2025-06,scn_arima_base,1328.4,actual,true
prem_arima_demanda,2025-07,scn_arima_base,1383.75,actual,true
prem_arima_demanda,2025-08,scn_arima_base,1371.45,actual,true
prem_arima_demanda,2025-09,scn_arima_base,1338.24,actual,true
prem_arima_demanda,2025-10,scn_arima_base,1293.96,actual,true
prem_arima_demanda,2025-11,scn_arima_base,1276.74,actual,true
prem_arima_demanda,2025-12,scn_arima_base,1445.25,actual,true
prem_arima_precio_unitario,2021-01,scn_arima_base,214.0,actual,true
prem_arima_precio_unitario,2021-02,scn_arima_base,215.0,actual,true
prem_arima_precio_unitario,2021-03,scn_arima_base,216.0,actual,true
prem_arima_precio_unitario,2021-04,scn_arima_base,217.0,actual,true
prem_arima_precio_unitario,2021-05,scn_arima_base,218.0,actual,true
prem_arima_precio_unitario,2021-06,scn_arima_base,220.0,actual,true
prem_arima_precio_unitario,2021-07,scn_arima_base,221.0,actual,true
prem_arima_precio_unitario,2021-08,scn_arima_base,222.0,actual,true
prem_arima_precio_unitario,2021-09,scn_arima_base,223.0,actual,true
prem_arima_precio_unitario,2021-10,scn_arima_base,224.0,actual,true
prem_arima_precio_unitario,2021-11,scn_arima_base,225.0,actual,true
prem_arima_precio_unitario,2021-12,scn_arima_base,227.0,actual,true
prem_arima_precio_unitario,2022-01,scn_arima_base,220.0,actual,true
prem_arima_precio_unitario,2022-02,scn_arima_base,221.0,actual,true
prem_arima_precio_unitario,2022-03,scn_arima_base,222.0,actual,true
prem_arima_precio_unitario,2022-04,scn_arima_base,223.0,actual,true
prem_arima_precio_unitario,2022-05,scn_arima_base,224.0,actual,true
prem_arima_precio_unitario,2022-06,scn_arima_base,226.0,actual,true
prem_arima_precio_unitario,2022-07,scn_arima_base,227.0,actual,true
prem_arima_precio_unitario,2022-08,scn_arima_base,228.0,actual,true
prem_arima_precio_unitario,2022-09,scn_arima_base,229.0,actual,true
prem_arima_precio_unitario,2022-10,scn_arima_base,230.0,actual,true
prem_arima_precio_unitario,2022-11,scn_arima_base,231.0,actual,true
prem_arima_precio_unitario,2022-12,scn_arima_base,233.0,actual,true
prem_arima_precio_unitario,2023-01,scn_arima_base,226.0,actual,true
prem_arima_precio_unitario,2023-02,scn_arima_base,227.0,actual,true
prem_arima_precio_unitario,2023-03,scn_arima_base,228.0,actual,true
prem_arima_precio_unitario,2023-04,scn_arima_base,229.0,actual,true
prem_arima_precio_unitario,2023-05,scn_arima_base,230.0,actual,true
prem_arima_precio_unitario,2023-06,scn_arima_base,232.0,actual,true
prem_arima_precio_unitario,2023-07,scn_arima_base,233.0,actual,true
prem_arima_precio_unitario,2023-08,scn_arima_base,234.0,actual,true
prem_arima_precio_unitario,2023-09,scn_arima_base,235.0,actual,true
prem_arima_precio_unitario,2023-10,scn_arima_base,236.0,actual,true
prem_arima_precio_unitario,2023-11,scn_arima_base,237.0,actual,true
prem_arima_precio_unitario,2023-12,scn_arima_base,239.0,actual,true
prem_arima_precio_unitario,2024-01,scn_arima_base,234.0,actual,true
prem_arima_precio_unitario,2024-02,scn_arima_base,235.0,actual,true
prem_arima_precio_unitario,2024-03,scn_arima_base,236.0,actual,true
prem_arima_precio_unitario,2024-04,scn_arima_base,237.0,actual,true
prem_arima_precio_unitario,2024-05,scn_arima_base,238.0,actual,true
prem_arima_precio_unitario,2024-06,scn_arima_base,240.0,actual,true
prem_arima_precio_unitario,2024-07,scn_arima_base,241.0,actual,true
prem_arima_precio_unitario,2024-08,scn_arima_base,242.0,actual,true
prem_arima_precio_unitario,2024-09,scn_arima_base,243.0,actual,true
prem_arima_precio_unitario,2024-10,scn_arima_base,244.0,actual,true
prem_arima_precio_unitario,2024-11,scn_arima_base,245.0,actual,true
prem_arima_precio_unitario,2024-12,scn_arima_base,247.0,actual,true
prem_arima_precio_unitario,2025-01,scn_arima_base,243.0,actual,true
prem_arima_precio_unitario,2025-02,scn_arima_base,244.0,actual,true
prem_arima_precio_unitario,2025-03,scn_arima_base,245.0,actual,true
prem_arima_precio_unitario,2025-04,scn_arima_base,246.0,actual,true
prem_arima_precio_unitario,2025-05,scn_arima_base,247.0,actual,true
prem_arima_precio_unitario,2025-06,scn_arima_base,249.0,actual,true
prem_arima_precio_unitario,2025-07,scn_arima_base,250.0,actual,true
prem_arima_precio_unitario,2025-08,scn_arima_base,251.0,actual,true
prem_arima_precio_unitario,2025-09,scn_arima_base,252.0,actual,true
prem_arima_precio_unitario,2025-10,scn_arima_base,253.0,actual,true
prem_arima_precio_unitario,2025-11,scn_arima_base,254.0,actual,true
prem_arima_precio_unitario,2025-12,scn_arima_base,256.0,actual,true
prem_arima_costo_fijo,2021-01,scn_arima_base,33200.0,actual,true
prem_arima_costo_fijo,2021-02,scn_arima_base,33150.0,actual,true
prem_arima_costo_fijo,2021-03,scn_arima_base,33320.0,actual,true
prem_arima_costo_fijo,2021-04,scn_arima_base,33450.0,actual,true
prem_arima_costo_fijo,2021-05,scn_arima_base,33600.0,actual,true
prem_arima_costo_fijo,2021-06,scn_arima_base,33720.0,actual,true
prem_arima_costo_fijo,2021-07,scn_arima_base,33810.0,actual,true
prem_arima_costo_fijo,2021-08,scn_arima_base,33780.0,actual,true
prem_arima_costo_fijo,2021-09,scn_arima_base,33690.0,actual,true
prem_arima_costo_fijo,2021-10,scn_arima_base,33610.0,actual,true
prem_arima_costo_fijo,2021-11,scn_arima_base,33590.0,actual,true
prem_arima_costo_fijo,2021-12,scn_arima_base,33950.0,actual,true
prem_arima_costo_fijo,2022-01,scn_arima_base,34150.0,actual,true
prem_arima_costo_fijo,2022-02,scn_arima_base,34100.0,actual,true
prem_arima_costo_fijo,2022-03,scn_arima_base,34270.0,actual,true
prem_arima_costo_fijo,2022-04,scn_arima_base,34400.0,actual,true
prem_arima_costo_fijo,2022-05,scn_arima_base,34550.0,actual,true
prem_arima_costo_fijo,2022-06,scn_arima_base,34670.0,actual,true
prem_arima_costo_fijo,2022-07,scn_arima_base,34760.0,actual,true
prem_arima_costo_fijo,2022-08,scn_arima_base,34730.0,actual,true
prem_arima_costo_fijo,2022-09,scn_arima_base,34640.0,actual,true
prem_arima_costo_fijo,2022-10,scn_arima_base,34560.0,actual,true
prem_arima_costo_fijo,2022-11,scn_arima_base,34540.0,actual,true
prem_arima_costo_fijo,2022-12,scn_arima_base,34900.0,actual,true
prem_arima_costo_fijo,2023-01,scn_arima_base,35250.0,actual,true
prem_arima_costo_fijo,2023-02,scn_arima_base,35200.0,actual,true
prem_arima_costo_fijo,2023-03,scn_arima_base,35370.0,actual,true
prem_arima_costo_fijo,2023-04,scn_arima_base,35500.0,actual,true
prem_arima_costo_fijo,2023-05,scn_arima_base,35650.0,actual,true
prem_arima_costo_fijo,2023-06,scn_arima_base,35770.0,actual,true
prem_arima_costo_fijo,2023-07,scn_arima_base,35860.0,actual,true
prem_arima_costo_fijo,2023-08,scn_arima_base,35830.0,actual,true
prem_arima_costo_fijo,2023-09,scn_arima_base,35740.0,actual,true
prem_arima_costo_fijo,2023-10,scn_arima_base,35660.0,actual,true
prem_arima_costo_fijo,2023-11,scn_arima_base,35640.0,actual,true
prem_arima_costo_fijo,2023-12,scn_arima_base,36000.0,actual,true
prem_arima_costo_fijo,2024-01,scn_arima_base,36320.0,actual,true
prem_arima_costo_fijo,2024-02,scn_arima_base,36270.0,actual,true
prem_arima_costo_fijo,2024-03,scn_arima_base,36440.0,actual,true
prem_arima_costo_fijo,2024-04,scn_arima_base,36570.0,actual,true
prem_arima_costo_fijo,2024-05,scn_arima_base,36720.0,actual,true
prem_arima_costo_fijo,2024-06,scn_arima_base,36840.0,actual,true
prem_arima_costo_fijo,2024-07,scn_arima_base,36930.0,actual,true
prem_arima_costo_fijo,2024-08,scn_arima_base,36900.0,actual,true
prem_arima_costo_fijo,2024-09,scn_arima_base,36810.0,actual,true
prem_arima_costo_fijo,2024-10,scn_arima_base,36730.0,actual,true
prem_arima_costo_fijo,2024-11,scn_arima_base,36710.0,actual,true
prem_arima_costo_fijo,2024-12,scn_arima_base,37070.0,actual,true
prem_arima_costo_fijo,2025-01,scn_arima_base,37480.0,actual,true
prem_arima_costo_fijo,2025-02,scn_arima_base,37430.0,actual,true
prem_arima_costo_fijo,2025-03,scn_arima_base,37600.0,actual,true
prem_arima_costo_fijo,2025-04,scn_arima_base,37730.0,actual,true
prem_arima_costo_fijo,2025-05,scn_arima_base,37880.0,actual,true
prem_arima_costo_fijo,2025-06,scn_arima_base,38000.0,actual,true
prem_arima_costo_fijo,2025-07,scn_arima_base,38090.0,actual,true
prem_arima_costo_fijo,2025-08,scn_arima_base,38060.0,actual,true
prem_arima_costo_fijo,2025-09,scn_arima_base,37970.0,actual,true
prem_arima_costo_fijo,2025-10,scn_arima_base,37890.0,actual,true
prem_arima_costo_fijo,2025-11,scn_arima_base,37870.0,actual,true
prem_arima_costo_fijo,2025-12,scn_arima_base,38230.0,actual,true
prem_arima_ocupacion_bodega,2021-01,scn_arima_base,78.0,actual,true
prem_arima_ocupacion_bodega,2021-02,scn_arima_base,79.0,actual,true
prem_arima_ocupacion_bodega,2021-03,scn_arima_base,80.0,actual,true
prem_arima_ocupacion_bodega,2021-04,scn_arima_base,81.0,actual,true
prem_arima_ocupacion_bodega,2021-05,scn_arima_base,82.0,actual,true
prem_arima_ocupacion_bodega,2021-06,scn_arima_base,84.0,actual,true
prem_arima_ocupacion_bodega,2021-07,scn_arima_base,86.0,actual,true
prem_arima_ocupacion_bodega,2021-08,scn_arima_base,85.0,actual,true
prem_arima_ocupacion_bodega,2021-09,scn_arima_base,84.0,actual,true
prem_arima_ocupacion_bodega,2021-10,scn_arima_base,83.0,actual,true
prem_arima_ocupacion_bodega,2021-11,scn_arima_base,82.0,actual,true
prem_arima_ocupacion_bodega,2021-12,scn_arima_base,85.0,actual,true
prem_arima_ocupacion_bodega,2022-01,scn_arima_base,79.0,actual,true
prem_arima_ocupacion_bodega,2022-02,scn_arima_base,80.0,actual,true
prem_arima_ocupacion_bodega,2022-03,scn_arima_base,81.0,actual,true
prem_arima_ocupacion_bodega,2022-04,scn_arima_base,82.0,actual,true
prem_arima_ocupacion_bodega,2022-05,scn_arima_base,83.0,actual,true
prem_arima_ocupacion_bodega,2022-06,scn_arima_base,85.0,actual,true
prem_arima_ocupacion_bodega,2022-07,scn_arima_base,87.0,actual,true
prem_arima_ocupacion_bodega,2022-08,scn_arima_base,86.0,actual,true
prem_arima_ocupacion_bodega,2022-09,scn_arima_base,85.0,actual,true
prem_arima_ocupacion_bodega,2022-10,scn_arima_base,84.0,actual,true
prem_arima_ocupacion_bodega,2022-11,scn_arima_base,83.0,actual,true
prem_arima_ocupacion_bodega,2022-12,scn_arima_base,86.0,actual,true
prem_arima_ocupacion_bodega,2023-01,scn_arima_base,80.2,actual,true
prem_arima_ocupacion_bodega,2023-02,scn_arima_base,81.2,actual,true
prem_arima_ocupacion_bodega,2023-03,scn_arima_base,82.2,actual,true
prem_arima_ocupacion_bodega,2023-04,scn_arima_base,83.2,actual,true
prem_arima_ocupacion_bodega,2023-05,scn_arima_base,84.2,actual,true
prem_arima_ocupacion_bodega,2023-06,scn_arima_base,86.2,actual,true
prem_arima_ocupacion_bodega,2023-07,scn_arima_base,88.2,actual,true
prem_arima_ocupacion_bodega,2023-08,scn_arima_base,87.2,actual,true
prem_arima_ocupacion_bodega,2023-09,scn_arima_base,86.2,actual,true
prem_arima_ocupacion_bodega,2023-10,scn_arima_base,85.2,actual,true
prem_arima_ocupacion_bodega,2023-11,scn_arima_base,84.2,actual,true
prem_arima_ocupacion_bodega,2023-12,scn_arima_base,87.2,actual,true
prem_arima_ocupacion_bodega,2024-01,scn_arima_base,81.6,actual,true
prem_arima_ocupacion_bodega,2024-02,scn_arima_base,82.6,actual,true
prem_arima_ocupacion_bodega,2024-03,scn_arima_base,83.6,actual,true
prem_arima_ocupacion_bodega,2024-04,scn_arima_base,84.6,actual,true
prem_arima_ocupacion_bodega,2024-05,scn_arima_base,85.6,actual,true
prem_arima_ocupacion_bodega,2024-06,scn_arima_base,87.6,actual,true
prem_arima_ocupacion_bodega,2024-07,scn_arima_base,89.6,actual,true
prem_arima_ocupacion_bodega,2024-08,scn_arima_base,88.6,actual,true
prem_arima_ocupacion_bodega,2024-09,scn_arima_base,87.6,actual,true
prem_arima_ocupacion_bodega,2024-10,scn_arima_base,86.6,actual,true
prem_arima_ocupacion_bodega,2024-11,scn_arima_base,85.6,actual,true
prem_arima_ocupacion_bodega,2024-12,scn_arima_base,88.6,actual,true
prem_arima_ocupacion_bodega,2025-01,scn_arima_base,83.0,actual,true
prem_arima_ocupacion_bodega,2025-02,scn_arima_base,84.0,actual,true
prem_arima_ocupacion_bodega,2025-03,scn_arima_base,85.0,actual,true
prem_arima_ocupacion_bodega,2025-04,scn_arima_base,86.0,actual,true
prem_arima_ocupacion_bodega,2025-05,scn_arima_base,87.0,actual,true
prem_arima_ocupacion_bodega,2025-06,scn_arima_base,89.0,actual,true
prem_arima_ocupacion_bodega,2025-07,scn_arima_base,91.0,actual,true
prem_arima_ocupacion_bodega,2025-08,scn_arima_base,90.0,actual,true
prem_arima_ocupacion_bodega,2025-09,scn_arima_base,89.0,actual,true
prem_arima_ocupacion_bodega,2025-10,scn_arima_base,88.0,actual,true
prem_arima_ocupacion_bodega,2025-11,scn_arima_base,87.0,actual,true
prem_arima_ocupacion_bodega,2025-12,scn_arima_base,90.0,actual,true
prem_agro_cafe_volumen,2021-01,scn_agro_base,420.0,actual,true
prem_agro_cafe_volumen,2021-02,scn_agro_base,405.0,actual,true
prem_agro_cafe_volumen,2021-03,scn_agro_base,430.0,actual,true
prem_agro_cafe_volumen,2021-04,scn_agro_base,445.0,actual,true
prem_agro_cafe_volumen,2021-05,scn_agro_base,470.0,actual,true
prem_agro_cafe_volumen,2021-06,scn_agro_base,520.0,actual,true
prem_agro_cafe_volumen,2021-07,scn_agro_base,610.0,actual,true
prem_agro_cafe_volumen,2021-08,scn_agro_base,690.0,actual,true
prem_agro_cafe_volumen,2021-09,scn_agro_base,760.0,actual,true
prem_agro_cafe_volumen,2021-10,scn_agro_base,880.0,actual,true
prem_agro_cafe_volumen,2021-11,scn_agro_base,930.0,actual,true
prem_agro_cafe_volumen,2021-12,scn_agro_base,850.0,actual,true
prem_agro_cafe_volumen,2022-01,scn_agro_base,436.8,actual,true
prem_agro_cafe_volumen,2022-02,scn_agro_base,421.2,actual,true
prem_agro_cafe_volumen,2022-03,scn_agro_base,447.2,actual,true
prem_agro_cafe_volumen,2022-04,scn_agro_base,462.8,actual,true
prem_agro_cafe_volumen,2022-05,scn_agro_base,488.8,actual,true
prem_agro_cafe_volumen,2022-06,scn_agro_base,540.8,actual,true
prem_agro_cafe_volumen,2022-07,scn_agro_base,634.4,actual,true
prem_agro_cafe_volumen,2022-08,scn_agro_base,717.6,actual,true
prem_agro_cafe_volumen,2022-09,scn_agro_base,790.4,actual,true
prem_agro_cafe_volumen,2022-10,scn_agro_base,915.2,actual,true
prem_agro_cafe_volumen,2022-11,scn_agro_base,967.2,actual,true
prem_agro_cafe_volumen,2022-12,scn_agro_base,884.0,actual,true
prem_agro_cafe_volumen,2023-01,scn_agro_base,449.4,actual,true
prem_agro_cafe_volumen,2023-02,scn_agro_base,433.35,actual,true
prem_agro_cafe_volumen,2023-03,scn_agro_base,460.1,actual,true
prem_agro_cafe_volumen,2023-04,scn_agro_base,476.15,actual,true
prem_agro_cafe_volumen,2023-05,scn_agro_base,502.9,actual,true
prem_agro_cafe_volumen,2023-06,scn_agro_base,556.4,actual,true
prem_agro_cafe_volumen,2023-07,scn_agro_base,652.7,actual,true
prem_agro_cafe_volumen,2023-08,scn_agro_base,738.3,actual,true
prem_agro_cafe_volumen,2023-09,scn_agro_base,813.2,actual,true
prem_agro_cafe_volumen,2023-10,scn_agro_base,941.6,actual,true
prem_agro_cafe_volumen,2023-11,scn_agro_base,995.1,actual,true
prem_agro_cafe_volumen,2023-12,scn_agro_base,909.5,actual,true
prem_agro_cafe_volumen,2024-01,scn_agro_base,470.4,actual,true
prem_agro_cafe_volumen,2024-02,scn_agro_base,453.6,actual,true
prem_agro_cafe_volumen,2024-03,scn_agro_base,481.6,actual,true
prem_agro_cafe_volumen,2024-04,scn_agro_base,498.4,actual,true
prem_agro_cafe_volumen,2024-05,scn_agro_base,526.4,actual,true
prem_agro_cafe_volumen,2024-06,scn_agro_base,582.4,actual,true
prem_agro_cafe_volumen,2024-07,scn_agro_base,683.2,actual,true
prem_agro_cafe_volumen,2024-08,scn_agro_base,772.8,actual,true
prem_agro_cafe_volumen,2024-09,scn_agro_base,851.2,actual,true
prem_agro_cafe_volumen,2024-10,scn_agro_base,985.6,actual,true
prem_agro_cafe_volumen,2024-11,scn_agro_base,1041.6,actual,true
prem_agro_cafe_volumen,2024-12,scn_agro_base,952.0,actual,true
prem_agro_cafe_volumen,2025-01,scn_agro_base,491.4,actual,true
prem_agro_cafe_volumen,2025-02,scn_agro_base,473.85,actual,true
prem_agro_cafe_volumen,2025-03,scn_agro_base,503.1,actual,true
prem_agro_cafe_volumen,2025-04,scn_agro_base,520.65,actual,true
prem_agro_cafe_volumen,2025-05,scn_agro_base,549.9,actual,true
prem_agro_cafe_volumen,2025-06,scn_agro_base,608.4,actual,true
prem_agro_cafe_volumen,2025-07,scn_agro_base,713.7,actual,true
prem_agro_cafe_volumen,2025-08,scn_agro_base,807.3,actual,true
prem_agro_cafe_volumen,2025-09,scn_agro_base,889.2,actual,true
prem_agro_cafe_volumen,2025-10,scn_agro_base,1029.6,actual,true
prem_agro_cafe_volumen,2025-11,scn_agro_base,1088.1,actual,true
prem_agro_cafe_volumen,2025-12,scn_agro_base,994.5,actual,true
prem_agro_lluvia,2021-01,scn_agro_base,52.0,actual,true
prem_agro_lluvia,2021-02,scn_agro_base,48.0,actual,true
prem_agro_lluvia,2021-03,scn_agro_base,61.0,actual,true
prem_agro_lluvia,2021-04,scn_agro_base,92.0,actual,true
prem_agro_lluvia,2021-05,scn_agro_base,130.0,actual,true
prem_agro_lluvia,2021-06,scn_agro_base,176.0,actual,true
prem_agro_lluvia,2021-07,scn_agro_base,205.0,actual,true
prem_agro_lluvia,2021-08,scn_agro_base,198.0,actual,true
prem_agro_lluvia,2021-09,scn_agro_base,172.0,actual,true
prem_agro_lluvia,2021-10,scn_agro_base,118.0,actual,true
prem_agro_lluvia,2021-11,scn_agro_base,88.0,actual,true
prem_agro_lluvia,2021-12,scn_agro_base,67.0,actual,true
prem_agro_lluvia,2022-01,scn_agro_base,60.0,actual,true
prem_agro_lluvia,2022-02,scn_agro_base,56.0,actual,true
prem_agro_lluvia,2022-03,scn_agro_base,69.0,actual,true
prem_agro_lluvia,2022-04,scn_agro_base,100.0,actual,true
prem_agro_lluvia,2022-05,scn_agro_base,138.0,actual,true
prem_agro_lluvia,2022-06,scn_agro_base,184.0,actual,true
prem_agro_lluvia,2022-07,scn_agro_base,213.0,actual,true
prem_agro_lluvia,2022-08,scn_agro_base,206.0,actual,true
prem_agro_lluvia,2022-09,scn_agro_base,180.0,actual,true
prem_agro_lluvia,2022-10,scn_agro_base,126.0,actual,true
prem_agro_lluvia,2022-11,scn_agro_base,96.0,actual,true
prem_agro_lluvia,2022-12,scn_agro_base,75.0,actual,true
prem_agro_lluvia,2023-01,scn_agro_base,66.0,actual,true
prem_agro_lluvia,2023-02,scn_agro_base,62.0,actual,true
prem_agro_lluvia,2023-03,scn_agro_base,75.0,actual,true
prem_agro_lluvia,2023-04,scn_agro_base,106.0,actual,true
prem_agro_lluvia,2023-05,scn_agro_base,144.0,actual,true
prem_agro_lluvia,2023-06,scn_agro_base,190.0,actual,true
prem_agro_lluvia,2023-07,scn_agro_base,219.0,actual,true
prem_agro_lluvia,2023-08,scn_agro_base,212.0,actual,true
prem_agro_lluvia,2023-09,scn_agro_base,186.0,actual,true
prem_agro_lluvia,2023-10,scn_agro_base,132.0,actual,true
prem_agro_lluvia,2023-11,scn_agro_base,102.0,actual,true
prem_agro_lluvia,2023-12,scn_agro_base,81.0,actual,true
prem_agro_lluvia,2024-01,scn_agro_base,62.0,actual,true
prem_agro_lluvia,2024-02,scn_agro_base,58.0,actual,true
prem_agro_lluvia,2024-03,scn_agro_base,71.0,actual,true
prem_agro_lluvia,2024-04,scn_agro_base,102.0,actual,true
prem_agro_lluvia,2024-05,scn_agro_base,140.0,actual,true
prem_agro_lluvia,2024-06,scn_agro_base,186.0,actual,true
prem_agro_lluvia,2024-07,scn_agro_base,215.0,actual,true
prem_agro_lluvia,2024-08,scn_agro_base,208.0,actual,true
prem_agro_lluvia,2024-09,scn_agro_base,182.0,actual,true
prem_agro_lluvia,2024-10,scn_agro_base,128.0,actual,true
prem_agro_lluvia,2024-11,scn_agro_base,98.0,actual,true
prem_agro_lluvia,2024-12,scn_agro_base,77.0,actual,true
prem_agro_lluvia,2025-01,scn_agro_base,58.0,actual,true
prem_agro_lluvia,2025-02,scn_agro_base,54.0,actual,true
prem_agro_lluvia,2025-03,scn_agro_base,67.0,actual,true
prem_agro_lluvia,2025-04,scn_agro_base,98.0,actual,true
prem_agro_lluvia,2025-05,scn_agro_base,136.0,actual,true
prem_agro_lluvia,2025-06,scn_agro_base,182.0,actual,true
prem_agro_lluvia,2025-07,scn_agro_base,211.0,actual,true
prem_agro_lluvia,2025-08,scn_agro_base,204.0,actual,true
prem_agro_lluvia,2025-09,scn_agro_base,178.0,actual,true
prem_agro_lluvia,2025-10,scn_agro_base,124.0,actual,true
prem_agro_lluvia,2025-11,scn_agro_base,94.0,actual,true
prem_agro_lluvia,2025-12,scn_agro_base,73.0,actual,true
prem_agro_precio_cafe,2021-01,scn_agro_base,1220.0,actual,true
prem_agro_precio_cafe,2021-02,scn_agro_base,1235.0,actual,true
prem_agro_precio_cafe,2021-03,scn_agro_base,1248.0,actual,true
prem_agro_precio_cafe,2021-04,scn_agro_base,1262.0,actual,true
prem_agro_precio_cafe,2021-05,scn_agro_base,1270.0,actual,true
prem_agro_precio_cafe,2021-06,scn_agro_base,1288.0,actual,true
prem_agro_precio_cafe,2021-07,scn_agro_base,1302.0,actual,true
prem_agro_precio_cafe,2021-08,scn_agro_base,1310.0,actual,true
prem_agro_precio_cafe,2021-09,scn_agro_base,1325.0,actual,true
prem_agro_precio_cafe,2021-10,scn_agro_base,1336.0,actual,true
prem_agro_precio_cafe,2021-11,scn_agro_base,1348.0,actual,true
prem_agro_precio_cafe,2021-12,scn_agro_base,1362.0,actual,true
prem_agro_precio_cafe,2022-01,scn_agro_base,1295.0,actual,true
prem_agro_precio_cafe,2022-02,scn_agro_base,1310.0,actual,true
prem_agro_precio_cafe,2022-03,scn_agro_base,1323.0,actual,true
prem_agro_precio_cafe,2022-04,scn_agro_base,1337.0,actual,true
prem_agro_precio_cafe,2022-05,scn_agro_base,1345.0,actual,true
prem_agro_precio_cafe,2022-06,scn_agro_base,1363.0,actual,true
prem_agro_precio_cafe,2022-07,scn_agro_base,1377.0,actual,true
prem_agro_precio_cafe,2022-08,scn_agro_base,1385.0,actual,true
prem_agro_precio_cafe,2022-09,scn_agro_base,1400.0,actual,true
prem_agro_precio_cafe,2022-10,scn_agro_base,1411.0,actual,true
prem_agro_precio_cafe,2022-11,scn_agro_base,1423.0,actual,true
prem_agro_precio_cafe,2022-12,scn_agro_base,1437.0,actual,true
prem_agro_precio_cafe,2023-01,scn_agro_base,1365.0,actual,true
prem_agro_precio_cafe,2023-02,scn_agro_base,1380.0,actual,true
prem_agro_precio_cafe,2023-03,scn_agro_base,1393.0,actual,true
prem_agro_precio_cafe,2023-04,scn_agro_base,1407.0,actual,true
prem_agro_precio_cafe,2023-05,scn_agro_base,1415.0,actual,true
prem_agro_precio_cafe,2023-06,scn_agro_base,1433.0,actual,true
prem_agro_precio_cafe,2023-07,scn_agro_base,1447.0,actual,true
prem_agro_precio_cafe,2023-08,scn_agro_base,1455.0,actual,true
prem_agro_precio_cafe,2023-09,scn_agro_base,1470.0,actual,true
prem_agro_precio_cafe,2023-10,scn_agro_base,1481.0,actual,true
prem_agro_precio_cafe,2023-11,scn_agro_base,1493.0,actual,true
prem_agro_precio_cafe,2023-12,scn_agro_base,1507.0,actual,true
prem_agro_precio_cafe,2024-01,scn_agro_base,1435.0,actual,true
prem_agro_precio_cafe,2024-02,scn_agro_base,1450.0,actual,true
prem_agro_precio_cafe,2024-03,scn_agro_base,1463.0,actual,true
prem_agro_precio_cafe,2024-04,scn_agro_base,1477.0,actual,true
prem_agro_precio_cafe,2024-05,scn_agro_base,1485.0,actual,true
prem_agro_precio_cafe,2024-06,scn_agro_base,1503.0,actual,true
prem_agro_precio_cafe,2024-07,scn_agro_base,1517.0,actual,true
prem_agro_precio_cafe,2024-08,scn_agro_base,1525.0,actual,true
prem_agro_precio_cafe,2024-09,scn_agro_base,1540.0,actual,true
prem_agro_precio_cafe,2024-10,scn_agro_base,1551.0,actual,true
prem_agro_precio_cafe,2024-11,scn_agro_base,1563.0,actual,true
prem_agro_precio_cafe,2024-12,scn_agro_base,1577.0,actual,true
prem_agro_precio_cafe,2025-01,scn_agro_base,1480.0,actual,true
prem_agro_precio_cafe,2025-02,scn_agro_base,1495.0,actual,true
prem_agro_precio_cafe,2025-03,scn_agro_base,1508.0,actual,true
prem_agro_precio_cafe,2025-04,scn_agro_base,1522.0,actual,true
prem_agro_precio_cafe,2025-05,scn_agro_base,1530.0,actual,true
prem_agro_precio_cafe,2025-06,scn_agro_base,1548.0,actual,true
prem_agro_precio_cafe,2025-07,scn_agro_base,1562.0,actual,true
prem_agro_precio_cafe,2025-08,scn_agro_base,1570.0,actual,true
prem_agro_precio_cafe,2025-09,scn_agro_base,1585.0,actual,true
prem_agro_precio_cafe,2025-10,scn_agro_base,1596.0,actual,true
prem_agro_precio_cafe,2025-11,scn_agro_base,1608.0,actual,true
prem_agro_precio_cafe,2025-12,scn_agro_base,1622.0,actual,true
prem_expansion_tiendas,2022-01,scn_expansion_base,2.0,actual,true
prem_expansion_tiendas,2022-02,scn_expansion_base,2.0,actual,true
prem_expansion_tiendas,2022-03,scn_expansion_base,2.0,actual,true
prem_expansion_tiendas,2022-04,scn_expansion_base,3.0,actual,true
prem_expansion_tiendas,2022-05,scn_expansion_base,3.0,actual,true
prem_expansion_tiendas,2022-06,scn_expansion_base,3.0,actual,true
prem_expansion_tiendas,2022-07,scn_expansion_base,4.0,actual,true
prem_expansion_tiendas,2022-08,scn_expansion_base,4.0,actual,true
prem_expansion_tiendas,2022-09,scn_expansion_base,4.0,actual,true
prem_expansion_tiendas,2022-10,scn_expansion_base,5.0,actual,true
prem_expansion_tiendas,2022-11,scn_expansion_base,5.0,actual,true
prem_expansion_tiendas,2022-12,scn_expansion_base,5.0,actual,true
prem_expansion_tiendas,2023-01,scn_expansion_base,2.6,actual,true
prem_expansion_tiendas,2023-02,scn_expansion_base,2.6,actual,true
prem_expansion_tiendas,2023-03,scn_expansion_base,2.6,actual,true
prem_expansion_tiendas,2023-04,scn_expansion_base,3.6,actual,true
prem_expansion_tiendas,2023-05,scn_expansion_base,3.6,actual,true
prem_expansion_tiendas,2023-06,scn_expansion_base,3.6,actual,true
prem_expansion_tiendas,2023-07,scn_expansion_base,4.6,actual,true
prem_expansion_tiendas,2023-08,scn_expansion_base,4.6,actual,true
prem_expansion_tiendas,2023-09,scn_expansion_base,4.6,actual,true
prem_expansion_tiendas,2023-10,scn_expansion_base,5.6,actual,true
prem_expansion_tiendas,2023-11,scn_expansion_base,5.6,actual,true
prem_expansion_tiendas,2023-12,scn_expansion_base,5.6,actual,true
prem_expansion_tiendas,2024-01,scn_expansion_base,3.1,actual,true
prem_expansion_tiendas,2024-02,scn_expansion_base,3.1,actual,true
prem_expansion_tiendas,2024-03,scn_expansion_base,3.1,actual,true
prem_expansion_tiendas,2024-04,scn_expansion_base,4.1,actual,true
prem_expansion_tiendas,2024-05,scn_expansion_base,4.1,actual,true
prem_expansion_tiendas,2024-06,scn_expansion_base,4.1,actual,true
prem_expansion_tiendas,2024-07,scn_expansion_base,5.1,actual,true
prem_expansion_tiendas,2024-08,scn_expansion_base,5.1,actual,true
prem_expansion_tiendas,2024-09,scn_expansion_base,5.1,actual,true
prem_expansion_tiendas,2024-10,scn_expansion_base,6.1,actual,true
prem_expansion_tiendas,2024-11,scn_expansion_base,6.1,actual,true
prem_expansion_tiendas,2024-12,scn_expansion_base,6.1,actual,true
prem_expansion_tiendas,2025-01,scn_expansion_base,3.7,actual,true
prem_expansion_tiendas,2025-02,scn_expansion_base,3.7,actual,true
prem_expansion_tiendas,2025-03,scn_expansion_base,3.7,actual,true
prem_expansion_tiendas,2025-04,scn_expansion_base,4.7,actual,true
prem_expansion_tiendas,2025-05,scn_expansion_base,4.7,actual,true
prem_expansion_tiendas,2025-06,scn_expansion_base,4.7,actual,true
prem_expansion_tiendas,2025-07,scn_expansion_base,5.7,actual,true
prem_expansion_tiendas,2025-08,scn_expansion_base,5.7,actual,true
prem_expansion_tiendas,2025-09,scn_expansion_base,5.7,actual,true
prem_expansion_tiendas,2025-10,scn_expansion_base,6.7,actual,true
prem_expansion_tiendas,2025-11,scn_expansion_base,6.7,actual,true
prem_expansion_tiendas,2025-12,scn_expansion_base,6.7,actual,true
prem_expansion_capex_tienda,2022-01,scn_expansion_base,182000.0,actual,true
prem_expansion_capex_tienda,2022-02,scn_expansion_base,181000.0,actual,true
prem_expansion_capex_tienda,2022-03,scn_expansion_base,180500.0,actual,true
prem_expansion_capex_tienda,2022-04,scn_expansion_base,181500.0,actual,true
prem_expansion_capex_tienda,2022-05,scn_expansion_base,182500.0,actual,true
prem_expansion_capex_tienda,2022-06,scn_expansion_base,183000.0,actual,true
prem_expansion_capex_tienda,2022-07,scn_expansion_base,184500.0,actual,true
prem_expansion_capex_tienda,2022-08,scn_expansion_base,185000.0,actual,true
prem_expansion_capex_tienda,2022-09,scn_expansion_base,186500.0,actual,true
prem_expansion_capex_tienda,2022-10,scn_expansion_base,187500.0,actual,true
prem_expansion_capex_tienda,2022-11,scn_expansion_base,188000.0,actual,true
prem_expansion_capex_tienda,2022-12,scn_expansion_base,189000.0,actual,true
prem_expansion_capex_tienda,2023-01,scn_expansion_base,186500.0,actual,true
prem_expansion_capex_tienda,2023-02,scn_expansion_base,185500.0,actual,true
prem_expansion_capex_tienda,2023-03,scn_expansion_base,185000.0,actual,true
prem_expansion_capex_tienda,2023-04,scn_expansion_base,186000.0,actual,true
prem_expansion_capex_tienda,2023-05,scn_expansion_base,187000.0,actual,true
prem_expansion_capex_tienda,2023-06,scn_expansion_base,187500.0,actual,true
prem_expansion_capex_tienda,2023-07,scn_expansion_base,189000.0,actual,true
prem_expansion_capex_tienda,2023-08,scn_expansion_base,189500.0,actual,true
prem_expansion_capex_tienda,2023-09,scn_expansion_base,191000.0,actual,true
prem_expansion_capex_tienda,2023-10,scn_expansion_base,192000.0,actual,true
prem_expansion_capex_tienda,2023-11,scn_expansion_base,192500.0,actual,true
prem_expansion_capex_tienda,2023-12,scn_expansion_base,193500.0,actual,true
prem_expansion_capex_tienda,2024-01,scn_expansion_base,191800.0,actual,true
prem_expansion_capex_tienda,2024-02,scn_expansion_base,190800.0,actual,true
prem_expansion_capex_tienda,2024-03,scn_expansion_base,190300.0,actual,true
prem_expansion_capex_tienda,2024-04,scn_expansion_base,191300.0,actual,true
prem_expansion_capex_tienda,2024-05,scn_expansion_base,192300.0,actual,true
prem_expansion_capex_tienda,2024-06,scn_expansion_base,192800.0,actual,true
prem_expansion_capex_tienda,2024-07,scn_expansion_base,194300.0,actual,true
prem_expansion_capex_tienda,2024-08,scn_expansion_base,194800.0,actual,true
prem_expansion_capex_tienda,2024-09,scn_expansion_base,196300.0,actual,true
prem_expansion_capex_tienda,2024-10,scn_expansion_base,197300.0,actual,true
prem_expansion_capex_tienda,2024-11,scn_expansion_base,197800.0,actual,true
prem_expansion_capex_tienda,2024-12,scn_expansion_base,198800.0,actual,true
prem_expansion_capex_tienda,2025-01,scn_expansion_base,197200.0,actual,true
prem_expansion_capex_tienda,2025-02,scn_expansion_base,196200.0,actual,true
prem_expansion_capex_tienda,2025-03,scn_expansion_base,195700.0,actual,true
prem_expansion_capex_tienda,2025-04,scn_expansion_base,196700.0,actual,true
prem_expansion_capex_tienda,2025-05,scn_expansion_base,197700.0,actual,true
prem_expansion_capex_tienda,2025-06,scn_expansion_base,198200.0,actual,true
prem_expansion_capex_tienda,2025-07,scn_expansion_base,199700.0,actual,true
prem_expansion_capex_tienda,2025-08,scn_expansion_base,200200.0,actual,true
prem_expansion_capex_tienda,2025-09,scn_expansion_base,201700.0,actual,true
prem_expansion_capex_tienda,2025-10,scn_expansion_base,202700.0,actual,true
prem_expansion_capex_tienda,2025-11,scn_expansion_base,203200.0,actual,true
prem_expansion_capex_tienda,2025-12,scn_expansion_base,204200.0,actual,true
prem_expansion_payback,2022-01,scn_expansion_base,23.0,actual,true
prem_expansion_payback,2022-02,scn_expansion_base,22.5,actual,true
prem_expansion_payback,2022-03,scn_expansion_base,22.0,actual,true
prem_expansion_payback,2022-04,scn_expansion_base,21.8,actual,true
prem_expansion_payback,2022-05,scn_expansion_base,21.5,actual,true
prem_expansion_payback,2022-06,scn_expansion_base,21.2,actual,true
prem_expansion_payback,2022-07,scn_expansion_base,20.9,actual,true
prem_expansion_payback,2022-08,scn_expansion_base,20.8,actual,true
prem_expansion_payback,2022-09,scn_expansion_base,20.6,actual,true
prem_expansion_payback,2022-10,scn_expansion_base,20.4,actual,true
prem_expansion_payback,2022-11,scn_expansion_base,20.2,actual,true
prem_expansion_payback,2022-12,scn_expansion_base,20.0,actual,true
prem_expansion_payback,2023-01,scn_expansion_base,22.5,actual,true
prem_expansion_payback,2023-02,scn_expansion_base,22.0,actual,true
prem_expansion_payback,2023-03,scn_expansion_base,21.5,actual,true
prem_expansion_payback,2023-04,scn_expansion_base,21.3,actual,true
prem_expansion_payback,2023-05,scn_expansion_base,21.0,actual,true
prem_expansion_payback,2023-06,scn_expansion_base,20.7,actual,true
prem_expansion_payback,2023-07,scn_expansion_base,20.4,actual,true
prem_expansion_payback,2023-08,scn_expansion_base,20.3,actual,true
prem_expansion_payback,2023-09,scn_expansion_base,20.1,actual,true
prem_expansion_payback,2023-10,scn_expansion_base,19.9,actual,true
prem_expansion_payback,2023-11,scn_expansion_base,19.7,actual,true
prem_expansion_payback,2023-12,scn_expansion_base,19.5,actual,true
prem_expansion_payback,2024-01,scn_expansion_base,21.9,actual,true
prem_expansion_payback,2024-02,scn_expansion_base,21.4,actual,true
prem_expansion_payback,2024-03,scn_expansion_base,20.9,actual,true
prem_expansion_payback,2024-04,scn_expansion_base,20.7,actual,true
prem_expansion_payback,2024-05,scn_expansion_base,20.4,actual,true
prem_expansion_payback,2024-06,scn_expansion_base,20.1,actual,true
prem_expansion_payback,2024-07,scn_expansion_base,19.8,actual,true
prem_expansion_payback,2024-08,scn_expansion_base,19.7,actual,true
prem_expansion_payback,2024-09,scn_expansion_base,19.5,actual,true
prem_expansion_payback,2024-10,scn_expansion_base,19.3,actual,true
prem_expansion_payback,2024-11,scn_expansion_base,19.1,actual,true
prem_expansion_payback,2024-12,scn_expansion_base,18.9,actual,true
prem_expansion_payback,2025-01,scn_expansion_base,21.2,actual,true
prem_expansion_payback,2025-02,scn_expansion_base,20.7,actual,true
prem_expansion_payback,2025-03,scn_expansion_base,20.2,actual,true
prem_expansion_payback,2025-04,scn_expansion_base,20.0,actual,true
prem_expansion_payback,2025-05,scn_expansion_base,19.7,actual,true
prem_expansion_payback,2025-06,scn_expansion_base,19.4,actual,true
prem_expansion_payback,2025-07,scn_expansion_base,19.1,actual,true
prem_expansion_payback,2025-08,scn_expansion_base,19.0,actual,true
prem_expansion_payback,2025-09,scn_expansion_base,18.8,actual,true
prem_expansion_payback,2025-10,scn_expansion_base,18.6,actual,true
prem_expansion_payback,2025-11,scn_expansion_base,18.4,actual,true
prem_expansion_payback,2025-12,scn_expansion_base,18.2,actual,true
prem_holding_corporativo,2022-01,scn_holding_base,142000.0,actual,true
prem_holding_corporativo,2022-02,scn_holding_base,141500.0,actual,true
prem_holding_corporativo,2022-03,scn_holding_base,142800.0,actual,true
prem_holding_corporativo,2022-04,scn_holding_base,143600.0,actual,true
prem_holding_corporativo,2022-05,scn_holding_base,144400.0,actual,true
prem_holding_corporativo,2022-06,scn_holding_base,145100.0,actual,true
prem_holding_corporativo,2022-07,scn_holding_base,145900.0,actual,true
prem_holding_corporativo,2022-08,scn_holding_base,146300.0,actual,true
prem_holding_corporativo,2022-09,scn_holding_base,145700.0,actual,true
prem_holding_corporativo,2022-10,scn_holding_base,145000.0,actual,true
prem_holding_corporativo,2022-11,scn_holding_base,144800.0,actual,true
prem_holding_corporativo,2022-12,scn_holding_base,146200.0,actual,true
prem_holding_corporativo,2023-01,scn_holding_base,146200.0,actual,true
prem_holding_corporativo,2023-02,scn_holding_base,145700.0,actual,true
prem_holding_corporativo,2023-03,scn_holding_base,147000.0,actual,true
prem_holding_corporativo,2023-04,scn_holding_base,147800.0,actual,true
prem_holding_corporativo,2023-05,scn_holding_base,148600.0,actual,true
prem_holding_corporativo,2023-06,scn_holding_base,149300.0,actual,true
prem_holding_corporativo,2023-07,scn_holding_base,150100.0,actual,true
prem_holding_corporativo,2023-08,scn_holding_base,150500.0,actual,true
prem_holding_corporativo,2023-09,scn_holding_base,149900.0,actual,true
prem_holding_corporativo,2023-10,scn_holding_base,149200.0,actual,true
prem_holding_corporativo,2023-11,scn_holding_base,149000.0,actual,true
prem_holding_corporativo,2023-12,scn_holding_base,150400.0,actual,true
prem_holding_corporativo,2024-01,scn_holding_base,150600.0,actual,true
prem_holding_corporativo,2024-02,scn_holding_base,150100.0,actual,true
prem_holding_corporativo,2024-03,scn_holding_base,151400.0,actual,true
prem_holding_corporativo,2024-04,scn_holding_base,152200.0,actual,true
prem_holding_corporativo,2024-05,scn_holding_base,153000.0,actual,true
prem_holding_corporativo,2024-06,scn_holding_base,153700.0,actual,true
prem_holding_corporativo,2024-07,scn_holding_base,154500.0,actual,true
prem_holding_corporativo,2024-08,scn_holding_base,154900.0,actual,true
prem_holding_corporativo,2024-09,scn_holding_base,154300.0,actual,true
prem_holding_corporativo,2024-10,scn_holding_base,153600.0,actual,true
prem_holding_corporativo,2024-11,scn_holding_base,153400.0,actual,true
prem_holding_corporativo,2024-12,scn_holding_base,154800.0,actual,true
prem_holding_corporativo,2025-01,scn_holding_base,155100.0,actual,true
prem_holding_corporativo,2025-02,scn_holding_base,154600.0,actual,true
prem_holding_corporativo,2025-03,scn_holding_base,155900.0,actual,true
prem_holding_corporativo,2025-04,scn_holding_base,156700.0,actual,true
prem_holding_corporativo,2025-05,scn_holding_base,157500.0,actual,true
prem_holding_corporativo,2025-06,scn_holding_base,158200.0,actual,true
prem_holding_corporativo,2025-07,scn_holding_base,159000.0,actual,true
prem_holding_corporativo,2025-08,scn_holding_base,159400.0,actual,true
prem_holding_corporativo,2025-09,scn_holding_base,158800.0,actual,true
prem_holding_corporativo,2025-10,scn_holding_base,158100.0,actual,true
prem_holding_corporativo,2025-11,scn_holding_base,157900.0,actual,true
prem_holding_corporativo,2025-12,scn_holding_base,159300.0,actual,true
